drug,highest_confidence,within_pocket
Propiolactone,0.8700,False
Thallous_Chloride_Tl_201,0.7600,False
Hydrogen_peroxide,0.7100,False
Fomepizole,0.6600,False
Glucarpidase,0.6400,False
Sulodexide,0.6200,True
Pyrithione_Zinc,0.6100,False
Olprinone,0.5900,True
Naproxen,0.5800,True
Sulfadiazine,0.5500,True
Allantoin,0.5200,False
Zolmitriptan,0.4900,True
Ritlecitinib,0.4900,True
Abacavir,0.4800,True
Nitric_Oxide,0.4800,False
Olanzapine,0.4500,True
Quercetin,0.4300,True
Strontium_Chloride_Sr_89,0.4200,False
Temocillin_disodium,0.4000,True
Amlexanox,0.4000,True
Allopurinol,0.3700,True
Mebendazole,0.3600,True
L_Proline,0.3500,True
Isoniazid,0.3500,False
Dalfampridine,0.3500,False
Phenazopyridine,0.3400,True
Nicotinamide,0.3400,False
Colestilan,0.3300,False
Potassium_Perchlorate,0.3300,True
Pyrazinamide,0.3300,False
Chlorzoxazone,0.3300,False
Ergotidine,0.3300,False
Praziquantel,0.3300,True
Tavaborole,0.3200,False
Floxuridine,0.3200,True
FENOFIBRIC_ACID,0.3000,True
Anisindione,0.3000,True
Phenyl_Aminosalicylate,0.3000,True
Apomorphine,0.2900,True
Guanidine_Hydrochloride,0.2900,False
fluciclovine_F_18,0.2900,False
Milrinone,0.2800,True
Loxapine,0.2800,True
Thioguanine,0.2800,False
Enflurane,0.2700,False
Idoxuridine,0.2700,True
Sorivudine,0.2700,True
Pilocarpine,0.2700,True
Crizotinib,0.2600,True
Frovatriptan,0.2600,True
Desflurane,0.2600,False
Betazole,0.2600,False
Diflunisal,0.2500,True
Albendazole,0.2400,True
Vandetanib,0.2400,True
Rufinamide,0.2400,True
Dydrogesterone,0.2400,True
Dimethyl_Sulfoxide,0.2300,False
Telbivudine,0.2300,True
Nicotine,0.2300,True
Kawain,0.2300,True
Carprofen,0.2300,True
Azanidazole,0.2300,True
Ofloxacin,0.2200,True
Lenalidomide,0.2200,True
Dapsone,0.2200,True
Sumatriptan,0.2200,True
Calcium_Acetate,0.2200,True
Penicillin_V,0.2200,True
Trioxsalen,0.2100,True
Sulfisoxazole,0.2100,True
Sodium_sulfide_sulfur,0.2000,False
Mirtazapine,0.2000,True
Ipriflavone,0.2000,True
Perchlozone,0.1900,True
Methylene_blue,0.1900,True
Flucytosine,0.1900,False
Decitabine,0.1900,True
Thiazolidinedione,0.1900,False
Mercaptopurine,0.1800,True
Phosphate,0.1800,True
Mefenamic_acid,0.1800,True
Kinetin,0.1800,True
Levofloxacin,0.1800,True
Metyrapone,0.1700,True
Manganese_Chloride,0.1700,False
Riluzole,0.1700,False
Nalidixic_Acid,0.1700,True
Lornoxicam,0.1700,True
Cephalexin,0.1700,True
Dasatinib,0.1600,True
Dexrazoxane,0.1600,True
Stavudine,0.1600,True
Cycloserine,0.1600,True
Aniracetam,0.1600,True
Boric_acid,0.1500,True
Zalcitabine,0.1500,True
Methoxsalen,0.1500,True
Aminolevulinic_acid_hci,0.1500,False
Amifampridine,0.1400,False
Emtricitabine,0.1400,True
Fluorouracil,0.1300,False
Piperazine,0.1300,False
Povidone_iodine,0.1300,False
Theobromine,0.1300,True
Minoxidil,0.1200,True
Quinethazone,0.1200,True
Clozapine,0.1200,True
Hydroquinone,0.1200,False
Ethyl_chloride,0.1100,False
Piracetam,0.1100,False
Elvitegravir_cobicistat_emtricitabine_tenofovir_disoproxil_fumarate,0.1100,True
Axitinib,0.1100,True
Nitroprusside,0.1000,False
Prothionamide,0.1000,True
Quinolones,0.1000,False
Melatonin,0.1000,True
13C_urea,0.1000,False
Nedaplatin,0.1000,False
Ethionamide,0.1000,True
Trifluridine,0.1000,True
Pyrantel,0.0900,True
Lanthanum_carbonate,0.0900,True
Zinc_Acetate,0.0900,False
Aminocaproic_Acid,0.0800,False
Phenelzine,0.0800,False
Gardasil,0.0800,False
Enprofylline,0.0800,True
Levalbuterol,0.0800,True
Isoflurane,0.0700,False
Sodium_Monofluorophosphate,0.0700,False
Oestradiol_valerate_and_dienogest,0.0700,True
Zinc_Sulfate,0.0700,False
Acetazolamide,0.0700,True
Ethoxzolamide,0.0700,True
Triamterene,0.0600,True
Chlorphenesin,0.0600,False
Adenine,0.0600,True
Allyl_isothiocyanate,0.0600,False
Carbamide_peroxide,0.0600,False
Methimazole,0.0500,False
Sulfamethazine,0.0500,True
Tolazoline,0.0500,False
Cladribine,0.0500,True
FENBUFEN,0.0500,True
Nitrofurazone,0.0500,False
Tenoxicam,0.0500,True
Nilutamide,0.0500,True
Temozolomide,0.0500,True
Halothane,0.0400,False
Manganese_Sulfate,0.0400,False
Almogran,0.0400,True
Acipimox,0.0400,True
Cinoxacin,0.0400,True
Cisplatin,0.0400,False
Repirinast,0.0400,True
Pramipexole,0.0400,True
Anagrelide,0.0400,True
Entrectinib,0.0400,True
Isocarboxazid,0.0400,False
Hydroxyprogesterone,0.0400,True
Potassium_Acetate,0.0400,False
Furazolidone,0.0400,True
Nandrolone,0.0400,True
Progesterone,0.0300,True
Chlorothiazide,0.0300,True
Inamrinone_Lactate,0.0300,True
Magnesium_Sulfate,0.0300,False
Estradiol,0.0300,True
B_Lactams,0.0300,True
Iprodione,0.0300,True
Lamotrigine,0.0300,False
Methoxyflurane,0.0300,False
Pemirolast,0.0300,True
Sevelamer_hydrochloride,0.0200,False
Amyl_nitrite,0.0200,False
Betaine,0.0200,False
Potassium_Aminosalicylate,0.0200,True
Sodium_thiosulfate,0.0200,False
Isovanillin,0.0200,True
Hexobarbital,0.0200,True
Tegafur,0.0200,True
Thalidomide,0.0200,True
Rizatriptan,0.0200,True
L_glutamine,0.0200,False
Azathioprine,0.0200,True
Carbidopa,0.0200,True
Calcium_carbimide,0.0100,False
Cupric_Sulfate,0.0100,False
Selenomethionine_Se_75,0.0100,False
Doxifluridine,0.0100,True
Ximelegatran,0.0100,True
Pyruvic_acid,0.0100,False
Sulfameter,0.0000,True
Fenoprofen,-0.0000,True
Estazolam,0.0000,True
Cytarabine,-0.0000,True
Sodium_Acetate_Anhydrous,0.0000,False
Menadione,0.0000,False
Aminolevulinic_Acid_Hydrochloride,-0.0000,False
Calcium_Chloride,-0.0000,False
Benzoic_Acid,0.0000,False
Pirfenidone,0.0000,True
Metformin,-0.0000,False
Sodium_lactate,-0.0000,False
Diloxanide,-0.0000,False
Mesalazine,0.0000,True
Sulfamerazine,-0.0100,True
Pralidoxime_Chloride,-0.0100,True
Osilodrostat,-0.0100,True
Gamma_Hydroxybutyric_Acid,-0.0100,False
Vitamin_B3,-0.0100,True
Enoxacin,-0.0100,True
Tolperisone,-0.0200,True
Risdiplam,-0.0200,True
Methyl_aminolevulinate,-0.0200,True
Uridine,-0.0200,True
Oxiracetam,-0.0200,True
Glycine,-0.0200,False
Nadifloxacin,-0.0200,True
L_Alanine,-0.0200,False
Linezolid,-0.0200,True
Ethanol,-0.0200,False
Quinine,-0.0200,True
Succinic_acid,-0.0200,True
Dihydroxyacetone,-0.0200,False
Acetaminophen,-0.0300,False
Vasicine,-0.0300,True
Rilmenidine,-0.0300,False
Cysteamine,-0.0300,False
Phenacemide,-0.0300,False
Ketobemidone,-0.0300,True
Penciclovir,-0.0300,True
Indeloxazine,-0.0300,True
Sodium_oxybate,-0.0400,False
14C_urea,-0.0400,False
Tizanidine,-0.0400,False
Entecavir,-0.0400,True
Acetohydroxamic_Acid,-0.0400,False
Estrone,-0.0400,True
Tapinarof,-0.0400,True
Sodium_phosphate_P_32,-0.0400,False
Iron_Dextran,-0.0400,False
Carbenicillin,-0.0400,True
Ammonium_lactate,-0.0400,False
Tiamenidine,-0.0400,False
cortisone,-0.0400,True
Propylthiouracil,-0.0500,True
CHLOROXINE,-0.0500,False
Cefdinir,-0.0500,True
Acitazanolast,-0.0500,True
Panipenem,-0.0500,True
Acetic_Acid_Glacial,-0.0500,False
Mesna,-0.0500,True
Marinol,-0.0500,True
Urea,-0.0500,False
Apraclonidine,-0.0500,True
Barbiturate,-0.0500,False
Dihydroxyaluminium,-0.0500,True
Minodronate,-0.0500,True
Ciprofloxacin_XR,-0.0600,True
Fenhexamid,-0.0600,True
Mizoribine,-0.0600,True
Iodinated_glycerol,-0.0600,False
Hydroxyflutamide,-0.0600,True
Rofecoxib,-0.0600,True
Leflunomide,-0.0600,True
Hydroxyurea,-0.0600,True
Pomalidomide,-0.0600,True
Cotinine,-0.0600,True
Amiloride,-0.0600,False
Brimonidine,-0.0600,True
Butizide,-0.0700,True
Aminosalicylic_Acid,-0.0700,False
Betain_anhydrous,-0.0700,False
Methysergide,-0.0700,True
Estriol,-0.0700,True
Trovafloxacin,-0.0700,True
Nabumetone,-0.0700,True
Carboplatin,-0.0700,False
Etanidazole,-0.0700,True
SM_101,-0.0700,True
Feraheme_Rienso,-0.0800,False
Salicyclic_acid,-0.0800,True
Armodafinil,-0.0800,True
Dacarbazine,-0.0800,True
Tofacitinib,-0.0800,True
Valdecoxib,-0.0800,True
Sevoflurane,-0.0800,False
Salsalate,-0.0800,True
Huperzine_A,-0.0800,True
Naratriptan,-0.0800,True
Vitamin_C,-0.0900,False
Methyldopa,-0.0900,True
Norethindrone,-0.0900,True
Sulphadoxine,-0.0900,True
Ganciclovir,-0.0900,True
Barium_sulfate,-0.0900,False
Lomefloxacin,-0.0900,True
Ammoniated_mercury,-0.0900,False
L_Tyrosine,-0.0900,True
Clothiapine,-0.0900,False
Diphenhydramine,-0.0900,True
Polyethylene_glycol,-0.0900,False
Didanosine,-0.0900,True
Iodoquinol,-0.0900,True
Chromic_phosphate_P_32,-0.0900,False
Norfloxacin,-0.1000,True
Sotalol,-0.1000,True
Ethchlorvynol,-0.1000,False
Deferiprone,-0.1000,True
Proguanil,-0.1000,True
Gefitinib,-0.1000,True
Crofelemer,-0.1000,True
Ribavirin,-0.1000,True
Gold_sodium_thiomalate,-0.1000,False
Ruxolitinib,-0.1000,True
Metyrosine,-0.1000,True
Erlotinib,-0.1100,True
Tiazofurin,-0.1100,True
Talc,-0.1100,True
Iobenguane_I_123,-0.1100,False
TECFIDERA,-0.1100,True
Mechlorethamine,-0.1200,False
Sulfapyridine,-0.1200,True
Rasagiline,-0.1200,True
Nelarabine,-0.1200,True
Aciclovir,-0.1200,True
Thiabendazole,-0.1200,False
Tacrine,-0.1200,False
Cyclopentolate,-0.1200,False
Nicorandil,-0.1300,True
Melevodopa,-0.1300,True
Methylergonovine,-0.1300,True
Adenosine_monophosphate,-0.1300,True
Papaverine,-0.1300,True
Heroin_diacetylmorphine,-0.1300,True
Romiplostim,-0.1300,True
Flutamide,-0.1300,False
Theophylline,-0.1300,True
Sodium_Succinate,-0.1300,True
Tranylcypromine,-0.1300,False
Levodopa,-0.1400,True
Fenquizone,-0.1400,True
Artemisinin_SP,-0.1400,False
Tiopronin,-0.1400,False
Varenicline,-0.1400,True
Deutetrabenazine,-0.1400,True
Stiripentol,-0.1400,True
Minaprine,-0.1400,True
Sarkomycin,-0.1400,False
Hydroxyamphetamine_Hydrobromide,-0.1500,True
Morniflumate,-0.1500,True
Eflornithine,-0.1500,False
Sodium_bicarbonate,-0.1500,False
Oxaliplatin,-0.1500,False
Ciprofibrate,-0.1500,True
Histamine_Phosphate,-0.1500,True
Choline_salicylate,-0.1500,True
SPI_1005,-0.1500,False
Cromoglicate,-0.1500,True
Ziprasidone,-0.1500,True
Clonixin,-0.1500,True
Cupric_Chloride,-0.1600,False
Teriflunomide,-0.1600,True
Brinzolamide,-0.1600,True
Doxofylline,-0.1600,True
Dopamine,-0.1600,False
Tetrahydrobiopterin,-0.1600,True
Carbachol,-0.1600,False
Hydralazine,-0.1600,False
Procaterol,-0.1700,True
Methacholine_Chloride,-0.1700,False
Salicin,-0.1700,True
Prasterone,-0.1700,True
Cefradine,-0.1700,True
Retigabine,-0.1700,True
Lamivudine,-0.1700,True
Imidazole_salicylate,-0.1700,True
Tranexamic_Acid,-0.1800,False
Alcaftadine,-0.1800,True
Eletriptan,-0.1800,True
Cinnarizine,-0.1800,True
Bromodiphenhydramine,-0.1800,True
Abametapir,-0.1800,False
Enoximone,-0.1800,True
Chromic_Chloride,-0.1800,False
Clavulanate,-0.1800,True
Nomegestrol_acetate,-0.1800,True
Chlorpheniramine,-0.1800,True
Tolcapone,-0.1800,True
Salicylamide,-0.1800,False
Dantrolene,-0.1800,True
Lobaplatin,-0.1900,False
Indium_In_111_Chloride,-0.1900,False
Tenofovir,-0.1900,True
Molindone,-0.1900,True
Alclofenac,-0.1900,True
Pioglitazone,-0.1900,True
Ampicillin,-0.1900,True
Dacomitinib,-0.1900,True
Benzyl_alcohol,-0.1900,False
Nitazoxanide,-0.1900,True
Penicillamine,-0.2000,False
Gallium_Citrate_Ga_67,-0.2000,True
Nitrofurantoin,-0.2000,True
ZOTEPINE,-0.2000,False
Ticarcillin,-0.2000,True
FADROZOLE,-0.2000,True
Cysteine_Hydrochloride,-0.2000,False
Monobenzone,-0.2000,False
Meglitinides,-0.2000,True
BIBW_2992,-0.2000,True
Dimercaprol,-0.2100,False
Gaboxadol,-0.2100,True
Alprazolam,-0.2100,True
Ferumoxides,-0.2100,True
Fluorodopa_F_18,-0.2100,True
Faropenem,-0.2100,True
Tolonium_chloride,-0.2100,True
Guanethidine,-0.2100,False
L_Tryptophan,-0.2200,True
Ethosuximide,-0.2200,False
Entacapone,-0.2200,True
Trimethadione,-0.2200,True
Clofarabine,-0.2200,True
Ferric_maltol,-0.2200,True
Darolutamide,-0.2200,True
Trilostane,-0.2300,True
Phenindamine,-0.2300,False
Griseofulvin,-0.2300,True
Pyrimethamine,-0.2300,True
Fosfomycin,-0.2300,False
Chlorproguanil,-0.2300,False
Epinephrine,-0.2300,True
Adenosine,-0.2300,True
Benzoyl_peroxide,-0.2300,False
Caffeine,-0.2300,True
DEOXYCYTIDINE,-0.2300,True
Beclamide,-0.2400,False
Dithranol,-0.2400,True
Olsalazine,-0.2400,True
Thiamine_Hydrochloride,-0.2400,True
Pefloxacin,-0.2400,True
Lithium_Carbonate,-0.2400,False
Ramelteon,-0.2400,True
Diazoxide,-0.2400,False
Bentoquatam,-0.2400,True
Diazepam,-0.2400,False
Furosemide,-0.2400,True
Pemoline,-0.2400,False
Levodropropizine,-0.2400,True
Hydrochlorothiazide,-0.2400,True
Sodium_nitroprusside,-0.2400,True
Norepinephrine,-0.2400,True
Lanoconazole,-0.2500,True
Rimiterol,-0.2500,True
Vigabatrin,-0.2500,False
Gemcitabine,-0.2500,True
Zinc_Chloride,-0.2500,False
Salbutamol,-0.2500,True
Morantel_tartrate,-0.2500,True
Vidarabine,-0.2500,True
Nepafenac,-0.2500,True
Cyclacillin,-0.2500,True
Aminophylline,-0.2600,True
Imipenem,-0.2600,True
Metharbital,-0.2600,True
Bendroflumethiazide,-0.2600,True
Prulifloxacin,-0.2600,True
Lomustine,-0.2600,True
Biapenem,-0.2600,True
Ethylestrenol,-0.2600,True
Guanabenz,-0.2700,False
Amdinocillin,-0.2700,True
Azacitidine,-0.2700,True
Levosimendan,-0.2700,True
Fleroxacin,-0.2700,True
Xipamide,-0.2700,True
Nifurtimox,-0.2800,True
Loxoprofen_gel,-0.2800,True
crisaborole,-0.2800,True
Pramoxine,-0.2800,True
Meprednisone,-0.2800,True
Gestrinone,-0.2800,True
Fluoxymesterone,-0.2900,True
Sodium_salicylate,-0.2900,True
Vorinostat,-0.2900,True
Sulfacytine,-0.2900,True
Ethamsylate,-0.2900,False
Methenamine,-0.2900,False
Olutasidenib,-0.2900,True
Metronidazole,-0.2900,True
Chlorthalidone,-0.2900,True
Phloroglucinol,-0.2900,True
Benznidazole,-0.2900,True
Hm61713,-0.3000,True
Gabexate,-0.3000,True
Revolade_Promacta,-0.3000,True
Torasemide,-0.3000,True
Flumazenil,-0.3000,False
Pinacidil,-0.3000,True
Droxidopa,-0.3000,True
Valproate,-0.3000,False
Febuxostat,-0.3000,True
Oxymetholone,-0.3000,True
Oxantel_pamoate,-0.3000,True
Eszopiclone,-0.3000,True
MCI_186,-0.3000,False
Icodextrin,-0.3000,False
Rotenone,-0.3000,True
Mitomycin,-0.3100,True
Alizapride,-0.3100,True
Ramosetron,-0.3100,True
Dexmedetomidine,-0.3100,True
Metaxalone,-0.3100,True
Choline_C_11,-0.3100,False
Dihydralazine,-0.3100,False
Dyphylline,-0.3100,True
Trihexyphenidyl,-0.3200,True
Sodium_Chromate_Cr_51,-0.3200,False
Fezolinetant,-0.3200,True
Tolvaptan,-0.3200,True
Levonorgestrel,-0.3200,True
Propyphenazone,-0.3200,False
Sapropterin_hydrochloride,-0.3200,True
Cyclothiazide,-0.3200,True
Isoetharine,-0.3200,True
Prazepam,-0.3200,True
Idebenone,-0.3300,True
Zileuton,-0.3300,True
Nitrazepam,-0.3300,False
Levacecarnine_hci,-0.3300,False
Sulfamethoxazole,-0.3300,True
Tetrabenazine,-0.3300,True
Bunazosin,-0.3300,True
MOXONIDINE,-0.3300,True
Pilsicainide,-0.3300,True
Benzthiazide,-0.3300,True
Procarbazine,-0.3300,True
Mitoxantrone,-0.3300,True
SKI_758,-0.3300,True
Doxercalciferol,-0.3400,True
Cefamandole,-0.3400,True
Succimer,-0.3400,False
Khellin,-0.3400,True
Alosetron,-0.3400,True
Procaine,-0.3400,True
Omeprazole,-0.3400,True
Paramethadione,-0.3400,False
Tropisetron,-0.3400,True
Penicillingit,-0.3400,True
Niflumic_Acid,-0.3400,True
Indigotindisulfonate,-0.3400,True
Propiomazine,-0.3400,True
Pirbuterol,-0.3400,True
Ergonovine,-0.3400,True
Sanguinarine,-0.3500,True
Methyltestosterone,-0.3500,True
Aminohippurate_sodium,-0.3500,True
Suvorexant,-0.3500,True
Phenmetrazine,-0.3500,True
Bosutinib,-0.3500,True
Larotrectinib,-0.3500,True
Sodium_phenylbutyrate,-0.3500,True
Esomeprazole,-0.3600,True
Carbocisteine,-0.3600,True
Paliperidone,-0.3600,True
Fosdenopterin,-0.3600,True
Sulfamethizole,-0.3600,True
Artesunate,-0.3600,True
Sulfaphenazole,-0.3600,True
E_2007,-0.3600,False
Hesperetin,-0.3700,True
Clonidine,-0.3700,False
Uracil_mustard,-0.3700,True
Polythiazide,-0.3700,True
Arsenic_trioxide,-0.3700,True
Propylhexedrine,-0.3700,False
Cevimeline,-0.3700,False
Glycodiazine,-0.3700,True
Quinestrol,-0.3700,True
Succinylcholine,-0.3800,True
Tiludronic_acid,-0.3800,True
Pelubiprofen,-0.3800,True
Ibudilast,-0.3800,False
Capmatinib,-0.3800,True
Cefroxadine,-0.3800,True
Diclofenac,-0.3800,True
Isoproterenol,-0.3800,True
Oxandrolone,-0.3800,True
Tindamax,-0.3900,True
Dolasetron,-0.3900,True
Eupatilin,-0.3900,True
Chlormerodrin,-0.3900,False
Spectinomycin,-0.3900,True
Anecortave_acetate,-0.3900,True
Etonogestrel,-0.3900,True
Amoxapine,-0.3900,False
NAFTOPIDIL,-0.3900,True
Yohimbine,-0.4000,True
Dexpanthenol,-0.4000,False
Fructose,-0.4000,True
Befunolol_hci,-0.4000,True
Lisuride,-0.4000,True
Topetecan,-0.4000,True
Carbimazole,-0.4000,False
Sodium_thiosalicylate,-0.4000,False
Megestrol,-0.4000,True
Eltrombopag,-0.4000,True
Bemetizide,-0.4000,True
Halazepam,-0.4000,True
Mavacamten,-0.4000,True
Phenindione,-0.4100,True
Mebutamate,-0.4100,True
Ethacrynic_acid,-0.4100,True
Besifloxacin,-0.4100,True
Prasugrel,-0.4100,True
Edrophonium,-0.4100,True
Oxilofrine,-0.4100,True
Milnacipran,-0.4100,True
Ethinamate,-0.4100,False
Promegestone,-0.4100,True
Etozolin,-0.4100,True
Tasimelteon,-0.4100,True
Fludarabine,-0.4200,True
Pantothenic_acid,-0.4200,True
Fluconazole,-0.4200,True
Atenolol,-0.4200,True
Tolazamide,-0.4200,False
Chymopapain,-0.4200,True
Oxazepam,-0.4200,True
Pentostatin,-0.4200,True
Amezinium,-0.4200,True
Levorphanol,-0.4200,True
Cenobamate,-0.4200,True
Acetylcholine,-0.4300,False
Lucanthone,-0.4300,True
Hetacillin,-0.4300,True
Luvox,-0.4300,True
Perazine,-0.4300,True
Isoflurophate,-0.4300,False
Vamorolone,-0.4300,True
Busulfan,-0.4300,True
Triclofos_Sodium,-0.4400,False
Lumiracoxib,-0.4400,True
Mepindolol,-0.4400,True
Grepafloxacin,-0.4400,True
Methsuximide,-0.4400,True
Tolnaftate,-0.4400,True
Vitamin_A,-0.4400,True
Ferric_citrate,-0.4400,True
Glaziovine,-0.4400,True
Dapiprazole,-0.4400,True
Terbutaline,-0.4400,True
Polaprezinc,-0.4500,True
Technetium_Tc_99m_Oxidronate_Kit,-0.4500,True
Ambroxol,-0.4500,False
Foscavir,-0.4500,False
Topiramate,-0.4500,True
Carumonam,-0.4500,True
Ozenoxacin,-0.4500,True
Methyldopate_Hydrochloride,-0.4500,True
Permethrin,-0.4600,True
Etomidate,-0.4600,True
Potassium_Citrate,-0.4600,False
Lenvatinib,-0.4600,True
Ketorolac,-0.4600,True
Bentazepam,-0.4700,False
Trimegestone,-0.4700,True
Tretinoin,-0.4700,True
Epervudine,-0.4700,True
Ornidazole,-0.4700,True
Niclosamide,-0.4700,False
Clofoctol,-0.4700,True
Topotecan,-0.4700,True
Chloral_hydrate,-0.4700,False
Luliconazole,-0.4700,True
Methamphetamine,-0.4700,False
Monoctanoin,-0.4700,True
Penicillin_G_Sodium,-0.4800,True
Cetiedil,-0.4800,False
Molsidomine,-0.4800,True
Balofloxacin,-0.4800,True
Ropinirole,-0.4800,True
Nifurzide,-0.4800,True
BENZYL_BENZOATE,-0.4800,False
Vitamin_B6,-0.4800,True
Tedizolid,-0.4800,True
Sulfamylon,-0.4900,True
Sparfloxacin,-0.4900,True
Dhaq_diacetate,-0.4900,True
Dromostanolone,-0.4900,True
Oxtriphylline,-0.4900,True
Ondansetron,-0.4900,True
Sodium_nitrite,-0.4900,True
Levetiracetam,-0.4900,True
Meperidine,-0.4900,True
Suprofen,-0.4900,True
Lofexidine,-0.5000,False
Fruquintinib,-0.5000,True
Clobazam_Lundbeck,-0.5000,True
Vildagliptin,-0.5000,True
Secnidazole,-0.5000,True
Ingavirin,-0.5000,True
L_ornithine_L_aspartate,-0.5000,True
Felbamate,-0.5000,False
Neostigmine,-0.5000,False
Paraldehyde,-0.5000,False
Guggulsterone,-0.5000,True
Azelaic_Acid,-0.5100,True
Piroxicam,-0.5100,True
Tolmetin,-0.5100,True
Silver_sulfadiazine,-0.5100,False
Voxelotor,-0.5100,True
Erdosteine,-0.5100,True
Arbidol,-0.5100,True
Bromazepam,-0.5100,True
Flufenamic_Acid,-0.5100,False
Ephedrine,-0.5100,False
Zonisamide,-0.5100,True
Guaimesal,-0.5100,True
BAY_80_6946,-0.5100,True
Tafamidis_meglumine,-0.5200,True
Prazosin,-0.5200,True
Brivaracetam,-0.5200,True
Cidofovir,-0.5200,True
Pitolisant,-0.5200,False
Irsogladine,-0.5200,True
Pyridostigmine,-0.5200,False
Connexyn,-0.5200,True
Pentolinium,-0.5200,True
Menthol,-0.5200,False
Estradiol_Acetate,-0.5200,True
Naphazoline,-0.5300,False
Dyclonine,-0.5300,True
Cocaine,-0.5300,True
Moclobemide,-0.5300,False
Dolutegravir,-0.5300,True
Trimetazidine,-0.5300,True
Alitretinoin,-0.5300,True
Danazol,-0.5300,True
Carbazochrome_salicylate,-0.5300,True
Flavoxate,-0.5300,True
Isotretinoin,-0.5300,True
Meloxicam,-0.5300,True
Chloroquine,-0.5300,True
Benzquinamide,-0.5300,True
Safinamide_mesylate,-0.5300,True
Dexlansoprazole,-0.5400,True
tetrahydropalmatine,-0.5400,True
Rivaroxaban,-0.5400,True
Leniolisib,-0.5400,True
Arginine,-0.5400,True
Cycrimine,-0.5400,False
Flurbiprofen,-0.5400,True
Oxamniquine,-0.5400,True
Choline_alfoscerate,-0.5400,True
Xylose,-0.5400,False
Haloprogin,-0.5400,False
Gallium_nitrate,-0.5400,True
Metolazone,-0.5400,True
Liothyronine,-0.5400,True
Dicumarol,-0.5400,True
Cadralazine,-0.5500,True
Choline_magnesium_trisalicylate,-0.5500,True
Carisoprodol,-0.5500,False
Heptabarbital,-0.5500,True
Intedanib,-0.5500,True
Ergocalciferol,-0.5500,True
Pentoxifylline,-0.5500,True
Ozanimod,-0.5500,True
TP_434,-0.5500,True
Amphetamine,-0.5500,False
Propentofylline_propionate,-0.5500,True
Bethanechol,-0.5500,False
Gentamicin,-0.5500,True
Oxybuprocaine,-0.5500,True
Dextroamphetamine,-0.5500,False
Haloperidol,-0.5500,True
Pemigatinib,-0.5500,True
Mycophenolate_mofetil,-0.5600,True
Procyclidine,-0.5600,False
Ketoprofen,-0.5600,True
Methazolamide,-0.5600,True
Benzocaine,-0.5600,False
Promestriene,-0.5600,True
Meclofenamic_acid,-0.5600,True
Metoprolol,-0.5600,True
Ajmaline,-0.5600,True
Fexinidazole,-0.5600,True
Alpha_1_PI,-0.5600,True
Tetrahydrozoline,-0.5700,False
Fosmidomycin,-0.5700,True
Tiaprofenic_acid,-0.5700,True
Tetracaine,-0.5700,True
Pseudoephedrine,-0.5700,False
Epinastine,-0.5700,True
Emepronium,-0.5700,True
Zopiclone,-0.5700,True
Famotidine,-0.5700,True
Thymol,-0.5800,False
Santonin,-0.5800,True
Celecoxib,-0.5800,False
Sulbactam_sodium,-0.5800,True
Gatifloxacin,-0.5800,True
MEPTAZINOL,-0.5800,True
Lodoxamide,-0.5800,True
Viloxazine,-0.5800,True
Sarecycline,-0.5800,True
Terpin_hydrate,-0.5900,True
Gemfibrozil,-0.5900,True
Trichlormethiazide,-0.5900,True
Niraparib_Tosylate,-0.5900,True
NABILONE,-0.5900,True
Crotamiton,-0.5900,False
Testosterone,-0.5900,True
Azosemide,-0.6000,True
Oxymetazoline,-0.6000,True
Alectinib,-0.6000,True
Mitomycin_A,-0.6000,True
Delorazepam,-0.6000,True
Unithiol,-0.6000,False
Bromfenac,-0.6000,True
Barbital,-0.6000,True
Proparacaine,-0.6000,True
Tepotinib,-0.6100,True
Risperidone,-0.6100,True
Pargyline,-0.6100,False
Isosorbide_Dinitrate,-0.6100,True
Amorolfine,-0.6100,True
Triazolam,-0.6100,True
Clovoxamine,-0.6100,False
Phensuximide,-0.6100,False
Troglitazone,-0.6100,True
Buclizine,-0.6200,True
Fudosteine,-0.6200,False
VESNARINONE,-0.6200,True
Methyprylon,-0.6200,True
Pramiracetam,-0.6200,True
Phentermine,-0.6200,False
Alpelisib,-0.6200,True
Tolbutamide,-0.6200,False
Granisetron,-0.6200,True
Amodiaquine,-0.6200,True
Technetium_Tc_99m_Succimer_Kit,-0.6200,False
Camphor,-0.6200,False
Palonosetron,-0.6200,True
Lesinurad,-0.6200,True
Aspirin,-0.6200,False
Antazoline,-0.6200,False
Zucapsacin,-0.6200,True
Mianserin,-0.6200,False
Ipodate,-0.6200,True
Oxaprozin,-0.6200,False
Anileridine,-0.6300,True
Agrimophol,-0.6300,True
Famciclovir,-0.6300,True
Rivastigmine,-0.6300,False
Debrisoquin,-0.6300,False
Trametinib,-0.6300,True
Zaleplon,-0.6300,True
Naftifine,-0.6300,True
Alogliptin,-0.6300,True
Chlorpropamide,-0.6300,False
Meclizine,-0.6300,True
Butabarbital,-0.6300,True
Scopolamine,-0.6300,True
Mephentermine,-0.6400,False
Ibutilide,-0.6400,True
Pregabalin,-0.6400,False
Testolactone,-0.6400,True
Fosfosal,-0.6400,True
L_Glutamic_Acid,-0.6400,False
Fentiazac,-0.6400,False
Levamisole,-0.6400,False
Strontium_ranelate,-0.6400,True
Zoledronate,-0.6400,True
Amifostine,-0.6500,True
Bromperidol,-0.6500,True
HTF_919,-0.6500,True
Indiplon,-0.6500,True
Procainamide,-0.6500,False
L_alanyl_l_glutamine,-0.6500,True
Pipobroman,-0.6500,True
Cefacetrile,-0.6500,True
Meclofenamate_Sodium,-0.6500,True
Fludeoxyglucose_F_18,-0.6500,False
Allopregnanolone,-0.6500,True
MELARSOPROL,-0.6500,True
PF_04449913,-0.6500,True
Terazosin,-0.6500,True
Triprolidine,-0.6500,False
Budipine,-0.6600,True
Fenoterol,-0.6600,True
Nebivolol,-0.6600,True
Paroxetine,-0.6600,True
Meglumine_antimoniate,-0.6600,True
Capecitabine,-0.6600,True
Indium_In_111_Oxyquinoline,-0.6600,True
Iophendylate,-0.6600,True
Rucaparib,-0.6600,True
Vericiguat,-0.6600,True
Metadoxine,-0.6600,True
2_deoxyglucose,-0.6600,False
Stanozolol,-0.6600,True
Cetrimide,-0.6600,True
Migalastat,-0.6600,False
Maribavir,-0.6600,True
Isosorbide_Mononitrate,-0.6600,False
Cannabidiol,-0.6700,True
Iocetamic_acid,-0.6700,True
Primaquine,-0.6700,True
Galantamine,-0.6700,True
Taltirelin,-0.6700,True
Daunorubicin,-0.6700,True
Ticlopidine,-0.6700,False
Ketotifen,-0.6700,True
Cephaloglycin,-0.6700,True
Ethacrynate_Sodium,-0.6700,True
Bucillamine,-0.6700,False
Exemestane,-0.6700,True
Balsalazide,-0.6700,True
Methantheline,-0.6700,True
Levovist,-0.6700,False
Nafamostat,-0.6700,True
Propyliodone,-0.6700,True
Imiquimod,-0.6800,True
Streptokinase,-0.6800,False
Ribociclib_Succinate,-0.6800,True
Pantoprazole,-0.6800,True
Desogestrel,-0.6800,True
Butylscopolamine,-0.6800,True
Cimetidine,-0.6800,True
Cyproterone,-0.6800,True
Bezafibrate,-0.6800,True
Dorzolamide,-0.6800,True
Norgestimate,-0.6800,True
Perospirone,-0.6800,True
Acrivastine,-0.6800,True
Metoclopramide,-0.6800,False
Plaunotol,-0.6900,True
Opicapone,-0.6900,True
DTI_015,-0.6900,False
Ixazomib,-0.6900,True
Bevantolol,-0.6900,True
Glucosamine,-0.6900,False
Ferumoxytol,-0.6900,False
Penbutolol,-0.6900,False
Epicillin,-0.6900,True
Ganaxolone,-0.6900,True
Trientine_Hydrochloride,-0.6900,False
Hydroxystilbamidine_Isethionate,-0.6900,True
Triacetin,-0.6900,False
Tetracycline,-0.6900,True
Masoprocol,-0.6900,True
Aceclofenac,-0.6900,True
TRIENTINE,-0.6900,False
Acamprosate,-0.6900,False
Etravirine,-0.6900,True
Momelotinib,-0.7000,True
Y_25130,-0.7000,True
Azatadine,-0.7000,True
Cholestyramine,-0.7000,True
Bufexamac,-0.7000,True
Tegaserod,-0.7000,True
Midodrine,-0.7000,False
Cefatrizine,-0.7000,True
Tapentadol_hydrochloride,-0.7000,True
Dezocine,-0.7000,True
R0_93877,-0.7000,True
Cinolazepam,-0.7000,True
Oxprenolol,-0.7000,True
Prochlorperazine,-0.7100,True
Cefadroxil,-0.7100,True
Cefaclor,-0.7100,True
Liranaftate,-0.7100,True
Nitisinone,-0.7100,False
Practolol,-0.7100,True
Rilpivirine,-0.7100,True
Riboflavin,-0.7100,True
Butethal,-0.7100,True
Zidovudine,-0.7200,True
Saxagliptin,-0.7200,True
Oxacillin,-0.7200,True
Gliclazide,-0.7200,True
L_Phenylalanine,-0.7200,False
Pentamidine,-0.7200,True
Levobunolol,-0.7200,False
Phenytoin,-0.7200,True
Propicillin,-0.7200,True
Azlocillin,-0.7200,True
Mestranol,-0.7200,True
Calcidiol,-0.7300,True
Bambuterol,-0.7300,True
Propoxycaine,-0.7300,False
Gepirone,-0.7300,True
Demecolcine,-0.7300,True
Cephalothin_Sodium,-0.7300,True
Clenbuterol,-0.7300,True
Meticillin,-0.7300,True
Tirbanibulin,-0.7300,True
Cefuroxime,-0.7300,True
Pivmecillinam,-0.7300,True
Ajmalicine,-0.7300,True
Hydromorphone,-0.7300,True
Secalciferol,-0.7400,True
Capsaicin,-0.7400,True
Lubiprostone,-0.7400,True
Tranilast,-0.7400,True
Methyclothiazide,-0.7400,True
Oxyphenonium,-0.7400,True
Probenecid,-0.7400,True
Dipivefrin,-0.7400,False
Stepronin,-0.7400,False
Thiacetazone,-0.7400,True
Flecainide,-0.7400,False
Tasosartan,-0.7500,True
TRICLABENDAZOLE,-0.7500,False
Hexachlorophene,-0.7500,True
Etofenamate,-0.7500,True
Ibutamoren,-0.7500,True
protirelin,-0.7500,True
Nemonoxacin,-0.7500,True
Benzbromarone,-0.7500,True
Clindamycin,-0.7500,True
Hydroflumethiazide,-0.7500,True
Trimethoprim,-0.7500,True
Bempedoic_acid,-0.7500,True
Altretamine,-0.7500,False
Arbutamine,-0.7600,True
Undecylenic_acid,-0.7600,True
Sulfasalazine,-0.7600,True
Pizotyline,-0.7600,True
Rosiglitazone_XR,-0.7600,True
Quinagolide,-0.7600,True
Modafinil,-0.7600,False
Levomilnacipran,-0.7600,True
Echothiophate_Iodide,-0.7600,False
Uridine_triacetate,-0.7600,True
Menadiol_sodium_diphosphate,-0.7700,True
Cefoselis,-0.7700,True
Methylphenobarbital,-0.7700,True
Triclosan,-0.7700,False
Pyronaridine,-0.7700,True
TERTATOLOL,-0.7700,True
Arteflene,-0.7700,False
Chlordiazepoxide,-0.7700,True
Ethotoin,-0.7700,False
Tazobactam,-0.7800,True
Rosoxacin,-0.7800,True
Sulfacetamide,-0.7800,False
UFT,-0.7800,True
Fluvoxamine,-0.7800,False
Fludiazepam,-0.7800,False
Oxytetracycline,-0.7800,True
Iloperidone,-0.7800,True
Guanadrel_Sulfate,-0.7800,True
Tyropanoate_sodium,-0.7800,True
Levobetaxolol,-0.7800,True
Voglibose,-0.7800,True
Pamidronate,-0.7900,True
Chlorprothixene,-0.7900,False
Cyclizine,-0.7900,False
Diethylcarbamazine,-0.7900,False
Cilastatin,-0.7900,True
Aminoglutethimide,-0.7900,True
Rabeprazole,-0.7900,True
NERIDRONIC_ACID,-0.7900,True
Clascoterone,-0.7900,True
Cinalukast,-0.7900,True
Ethinyl_Estradiol,-0.7900,True
Silver_nitrate,-0.7900,False
Perflubron,-0.8000,False
Vemurafenib,-0.8000,True
Macimorelin,-0.8000,True
Adenosine_triphosphate,-0.8000,True
Flunarizine,-0.8000,True
Captopril,-0.8000,False
Acetrizoate_Sodium,-0.8000,True
Indapamide,-0.8000,True
Trazodone,-0.8000,True
Iomeprol,-0.8000,True
Amoxicillin,-0.8000,True
Eplerenone,-0.8000,True
Temazepam,-0.8000,False
Loracarbef,-0.8100,True
Upadacitinib,-0.8100,True
Cetraxate,-0.8100,True
Dextromethorphan_Polistirex,-0.8100,True
Technetium_TC_99M_medronate,-0.8100,True
Homatropine_Methylbromide,-0.8100,False
Acebutolol,-0.8100,True
Cefpodoxime,-0.8100,True
Mobenakin,-0.8100,False
Chlorambucil,-0.8100,True
Tioconazole,-0.8100,False
Aprobarbital,-0.8200,True
ACECLIDINE,-0.8200,True
Methylphenidate,-0.8200,False
Mannitol,-0.8200,True
Asenapine,-0.8200,True
Pheniramine,-0.8200,False
Sulfinpyrazone,-0.8200,True
Pyridoxal_Phosphate,-0.8200,True
Buspirone,-0.8200,True
Sulfoxone,-0.8200,True
Futibatinib,-0.8200,True
Technetium_Tc_99m_Etidronate_Kit,-0.8200,True
Drotaverine,-0.8300,True
Ceftezole,-0.8300,True
Tropicamide,-0.8300,True
Panobinostat,-0.8300,True
Methoxamine,-0.8300,False
Donepezil,-0.8300,True
Diphenylpyraline,-0.8300,False
Pergolide,-0.8400,True
Paricalcitol,-0.8400,True
Etidronate_Disodium,-0.8400,True
Chloramphenicol,-0.8400,True
Lorazepam,-0.8400,True
Dexbrompheniramine,-0.8400,True
Prezatide_copper_acetate,-0.8400,True
Fludrocortisone,-0.8400,True
Tivozanib,-0.8400,True
Metergolin,-0.8400,True
Nipradilol,-0.8400,True
Vitamin_B1,-0.8400,True
Rolitetracycline,-0.8400,True
Dihydroartemisinin,-0.8400,False
Gemifloxacin,-0.8400,True
Oxiconazole,-0.8400,False
Lithium_Citrate,-0.8500,True
Incadronate,-0.8500,True
Bromhexine,-0.8500,False
Epirubicin,-0.8500,True
Dobutamine,-0.8500,True
Ioversol,-0.8500,True
Pimavanserin,-0.8500,True
Flucloxacillin,-0.8600,True
Vismodegib,-0.8600,True
Prilocaine,-0.8600,False
Amosulalol,-0.8600,True
Hyoscyamine,-0.8600,True
Demeclocycline,-0.8600,True
Arglabin,-0.8600,True
Gabapentin,-0.8600,False
Cyclophosphamide,-0.8600,False
Carvedilol,-0.8600,True
Metipranolol,-0.8600,True
Istradefylline,-0.8600,True
Mozavaptan,-0.8600,True
Umeclidinium,-0.8600,True
Vortioxetine,-0.8700,False
Carbinoxamine,-0.8700,False
FLUORESCEIN,-0.8700,True
Medroxyprogesterone,-0.8700,True
Safinamide,-0.8700,False
Lacosamide,-0.8700,False
Tecovirimat,-0.8700,True
Desoximetasone,-0.8800,True
Estramustine,-0.8800,True
Desoxycorticosterone_Pivalate,-0.8800,True
Risedronate,-0.8800,True
Diphenidol,-0.8800,False
Drospirenone,-0.8800,True
Clotiazepam,-0.8900,False
Meprobamate,-0.8900,False
Asciminib,-0.8900,True
Meropenem,-0.8900,True
Propantheline,-0.8900,True
Proflavine,-0.8900,False
Moxifloxacin,-0.8900,True
Epalrestat,-0.8900,True
Cefprozil,-0.8900,True
Desonide,-0.8900,True
Flunitrazepam,-0.9000,True
Trofinetide,-0.9000,True
Infigratinib,-0.9000,True
Amobarbital,-0.9000,True
Nizatidine,-0.9000,True
Ethynodiol_Diacetate,-0.9000,True
Lestaurtinib,-0.9000,True
Talbutal,-0.9000,True
Pindolol,-0.9000,False
Iodohippurate_Sodium,-0.9100,False
Tucatinib,-0.9100,True
Diltiazem,-0.9100,True
Iodamide,-0.9100,True
Fluticasone,-0.9100,True
Brompheniramine,-0.9100,False
Eptazocine_hbr,-0.9100,True
Articaine,-0.9100,False
Cefozopran,-0.9100,True
Phenobarbital,-0.9200,True
Zolpidem,-0.9200,True
Ergoloid_mesylate,-0.9200,True
Chondroitin,-0.9200,True
Eptaplatin,-0.9200,True
Propranolol,-0.9200,False
Acitretin,-0.9200,True
Tigecycline,-0.9200,True
Tazarotene,-0.9200,True
Bucladesine_sodium,-0.9200,True
Bromopride,-0.9200,True
Chenodiol,-0.9200,True
Nortriptyline,-0.9300,True
Thiamphenicol,-0.9300,True
Moricizine,-0.9300,True
Alendronate,-0.9300,True
Lidocaine,-0.9300,False
Ifosfamide,-0.9300,False
Losartan,-0.9300,True
Fenofibrate,-0.9300,True
Cefetamet_pivoxil_hcl,-0.9300,True
Aripiprazole,-0.9400,True
Carglumic_acid,-0.9400,False
Ceftibuten,-0.9400,True
Dihydrotachysterol,-0.9400,True
Oxcarbazepine,-0.9400,True
Meclocycline,-0.9400,True
Acalabrutinib,-0.9400,True
Ioflupane_i_123,-0.9400,True
Sunitinib,-0.9400,True
Dienestrol,-0.9500,True
Triflupromazine,-0.9500,False
Etidronic_acid,-0.9500,True
Perphenazine,-0.9500,True
Letrozole,-0.9500,True
Disulfiram,-0.9500,False
Merimepodib,-0.9500,True
Lorcaserin,-0.9500,False
Clomocycline,-0.9500,True
Delavirdine,-0.9500,True
Terbinafine,-0.9500,False
Propericiazine,-0.9500,True
N_Acetyl_D_glucosamine,-0.9600,True
Fenoldopam,-0.9600,True
Cloperastine,-0.9600,False
Bamifylline,-0.9600,True
Anisodamine,-0.9600,True
Clorgyline,-0.9600,False
Pyrvinium,-0.9600,True
Abrocitinib,-0.9600,True
Alfuzosin,-0.9600,True
Phentolamine,-0.9700,True
Empagliflozin,-0.9700,True
Enalaprilat,-0.9700,True
Cenestin,-0.9700,True
Hydroxychloroquine,-0.9700,True
Dehydrocholic_acid,-0.9700,True
Fosfluconazole,-0.9700,True
Cefditoren,-0.9700,True
Ceftiofur,-0.9700,True
Levallorphan,-0.9700,False
Amantadine,-0.9700,False
Colestipol,-0.9800,True
Alvimopan,-0.9800,True
Paramethasone,-0.9800,True
Beclomethasone,-0.9800,True
Lasmiditan,-0.9800,True
Nitrous_oxide,-0.9800,False
Formoterol,-0.9800,True
Nemonapride,-0.9800,True
Spirapril,-0.9800,True
Doxepin,-0.9800,False
Pirenzepine,-0.9800,True
Benperidol,-0.9800,True
Anileridine_Hydrochloride,-0.9800,True
Regadenoson,-0.9800,True
Anisodine,-0.9800,True
Invert_sugar,-0.9900,True
Mitapivat,-0.9900,True
Nafcillin,-0.9900,True
Efavirenz,-0.9900,True
Promazine,-0.9900,False
Hexyl_aminolevulinate,-0.9900,True
Pretomanid,-0.9900,True
ABT_335,-0.9900,True
Droperidol,-0.9900,True
Proquazone,-0.9900,True
Glutathione,-0.9900,True
Diatrizoate,-0.9900,True
Treprostinil,-0.9900,True
Ecabet_sodium,-0.9900,True
LGX818,-0.9900,True
Sulindac,-0.9900,True
Brilinta,-0.9900,True
Sorafenib,-1.0000,True
Pirprofen,-1.0000,False
Lisinopril,-1.0000,True
Domperidone,-1.0000,True
Tebipenem_pivoxil,-1.0000,True
Belzutifan,-1.0000,True
Nadrolone_phenylpropionate,-1.0000,True
Dibenzepin,-1.0000,True
MK_1439,-1.0000,True
lumateperone_tosylate,-1.0000,True
Chlortetracycline,-1.0000,True
Falecalcitrol,-1.0000,True
Ponesimod,-1.0000,True
Indomethacin,-1.0000,True
Benorilate,-1.0000,True
ARRY_162,-1.0100,True
Echovist,-1.0100,False
Tiapride,-1.0100,True
Olopatadine,-1.0100,True
Calcium_dobesilate,-1.0100,True
Maxacalcitol,-1.0100,True
Sodium_ferric_gluconate_complex,-1.0100,True
Cefotaxime,-1.0100,True
Ranitidine,-1.0100,True
Atovaquone,-1.0100,True
Imatinib,-1.0200,True
Alclometasone,-1.0200,True
Sorbitol,-1.0200,True
Treosulfan,-1.0200,False
Bisoprolol,-1.0200,True
OZ277,-1.0200,True
NADH,-1.0200,True
Ciclopirox,-1.0200,False
Rimantadine,-1.0200,False
Hydroxyzine,-1.0200,True
Fluocinolone_Acetonide,-1.0300,True
Baricitinib,-1.0300,True
Halometasone,-1.0300,True
Mecamylamine,-1.0300,False
OPC_34712,-1.0300,True
Chlorpromazine,-1.0300,False
Citalopram,-1.0300,False
Felbinac,-1.0300,False
Prednisone,-1.0300,True
Simethicone,-1.0300,False
Cefmetazole,-1.0300,True
Trifluoperazine,-1.0400,False
Deflazacort,-1.0400,True
Ivacaftor,-1.0400,True
Fluocinonide,-1.0400,True
Tadalafil,-1.0400,True
Regorafenib,-1.0400,True
Ursodeoxycholic_acid,-1.0400,True
Zuranolone,-1.0500,True
Flibanserin,-1.0500,True
Emedastine,-1.0500,True
Cerulenin,-1.0500,True
Mezlocillin,-1.0500,True
Conjugated_Estrogens,-1.0500,True
Technetium_99m_Tc_bicisate,-1.0500,True
Brodimoprim,-1.0500,True
Hydrocortamate,-1.0600,True
Metaproterenol_Sulfate,-1.0600,True
Dimethindene,-1.0600,True
Ademetionine,-1.0600,True
Eluxadoline,-1.0600,True
Lisdexamfetamine,-1.0600,False
Butacaine,-1.0700,True
Fentanyl,-1.0700,True
Ceftizoxime,-1.0700,True
Lindane,-1.0700,False
Glutethimide,-1.0700,False
Cisapride,-1.0700,True
Zuclopenthixol,-1.0700,True
Denopamine,-1.0700,True
Mephenytoin,-1.0700,False
Mitotane,-1.0700,False
Ketanserin,-1.0700,True
Methohexital,-1.0700,True
Alacepril,-1.0800,True
Valaciclovir,-1.0800,True
Raltegravir,-1.0800,True
Vincamine,-1.0800,False
Benztropine,-1.0800,False
Rhucin,-1.0800,True
Etretinate,-1.0800,True
Palbociclib,-1.0800,True
Sodium_zirconium_cyclosilicate,-1.0800,True
Fluprednisolone,-1.0800,True
Cholic_Acid,-1.0800,True
Sertaconazole,-1.0800,True
Betamethasone,-1.0800,True
Quetiapine,-1.0800,True
Macitentan,-1.0800,True
Lactulose,-1.0800,True
Cephalosporin,-1.0800,True
Tridihexethyl,-1.0800,True
Prednicarbate,-1.0900,True
Erythrityl_Tetranitrate,-1.0900,True
Tocainide,-1.0900,False
Butoconazole,-1.0900,True
Iothalamate,-1.0900,True
Malathion,-1.0900,True
Duloxetine,-1.0900,False
LY2835219,-1.0900,True
Clocortolone,-1.0900,True
Pyrimethamine_sulfadoxine,-1.0900,True
Tirilazad_mesylate,-1.0900,True
Lobeglitazone,-1.1000,True
Riociguat,-1.1000,True
Pentobarbital,-1.1000,True
Micronomicin_sulfate,-1.1000,True
Novobiocin,-1.1000,True
Penfluridol,-1.1000,True
Midazolam,-1.1000,True
Amisulpride,-1.1000,True
Ramipril,-1.1000,True
Clopamide,-1.1000,False
Almitrine,-1.1100,True
Protriptyline,-1.1100,True
Tandospirone,-1.1100,True
Etoricoxib,-1.1100,False
Fluoxetine,-1.1100,False
Cefepime,-1.1100,True
Kanamycin,-1.1200,True
FerriSeltz,-1.1200,True
Fluorometholone,-1.1200,True
Gadodiamide,-1.1200,True
Amsacrine,-1.1200,False
Moexipril,-1.1200,True
Tafenoquine,-1.1200,True
Urapidil,-1.1200,True
Cefalotin,-1.1200,True
Clonazepam,-1.1200,True
Miglitol,-1.1200,True
Ripretinib,-1.1200,True
Oxitropium_bromide,-1.1200,True
Clodronate,-1.1200,True
Noscapine_narcotine,-1.1200,True
Melphalan,-1.1200,True
Tobramycin,-1.1200,True
Canagliflozin,-1.1300,True
Colchicine,-1.1300,True
Methocarbamol,-1.1300,False
Glisoxepide,-1.1300,True
Adinazolam,-1.1300,True
Sulpiride,-1.1300,True
Hexylcaine,-1.1300,False
Carbamazepine,-1.1300,False
Dabigatran,-1.1300,True
Aldosterone,-1.1300,True
Morphine,-1.1300,True
Nafronyl,-1.1300,False
Carphenazine,-1.1400,True
Elliptinium_acetate,-1.1400,True
Melphalan_flufenamide,-1.1400,True
Deucravacitinib,-1.1400,True
Nitroglycerin,-1.1400,True
Monocrotaline,-1.1400,True
Fostamatinib,-1.1400,True
Dothiepin,-1.1400,False
Clorazepate,-1.1400,True
Doxazosin,-1.1400,True
Teprenone,-1.1500,True
Tetrodotoxin,-1.1500,True
Zipeprol,-1.1500,True
Piperacetazine,-1.1500,True
Piperacillin,-1.1500,True
Hydrocodone,-1.1500,True
Propofol,-1.1500,False
Penicillin_V_Potassium,-1.1500,True
Etrasimod,-1.1500,True
Cyproheptadine,-1.1500,False
Sotagliflozin,-1.1600,True
Zanubrutinib,-1.1600,True
Citicoline,-1.1600,True
Phenprocoumon,-1.1600,True
Cefteram_pivoxil,-1.1600,True
Oseltamivir,-1.1600,True
Iobenguane_Sulfate_I_131,-1.1600,True
Chloroprocaine,-1.1700,False
Cyclandelate,-1.1700,False
Cefuzonam_sodium,-1.1700,True
Sulprostone,-1.1700,True
Bazedoxifene,-1.1700,True
Manganese_Chloride_Tetrahydrate,-1.1700,False
Minocycline,-1.1700,True
Flurazepam,-1.1700,True
Mirabegron,-1.1700,True
Ritodrine,-1.1700,True
Buflomedil,-1.1700,True
Linagliptin,-1.1700,True
Orlistat,-1.1800,True
Croconazole,-1.1800,True
Bornaprine,-1.1800,False
Ketoconazole,-1.1800,True
Doxorubicin,-1.1800,True
Ethambutol,-1.1800,False
Oteseconazole,-1.1800,True
Cinacalcet,-1.1800,False
Florbetapir_F_18,-1.1800,True
Betamethasone_Benzoate,-1.1800,True
Flurandrenolide,-1.1800,True
Sofalcone,-1.1800,True
Amtolmetin_guacil,-1.1800,True
Iopromide,-1.1800,True
Cariprazine,-1.1800,True
Rorifone,-1.1800,False
Finafloxacin,-1.1800,True
Rose_Bengal_Sodium_I_131,-1.1800,True
Estropipate,-1.1900,True
Cefmenoxime,-1.1900,True
Roflumilast,-1.1900,True
Tafluprost,-1.1900,True
Pemetrexed,-1.1900,True
Tazemetostat,-1.1900,True
Sufentanil,-1.1900,True
Diethylstilbestrol,-1.1900,True
Sulfanilamide,-1.2000,False
Suplatast_tosilate,-1.2000,True
Oxyphenbutazone,-1.2000,False
Acrisorcin,-1.2000,True
Ranolazine,-1.2000,True
Fluorescein_Sodium,-1.2000,True
Doripenem,-1.2000,True
Diflorasone,-1.2100,True
Nicergoline,-1.2100,True
Amfepramone,-1.2100,False
Penicillin_G_Procaine,-1.2100,True
Olodaterol,-1.2100,True
Tripelennamine,-1.2100,False
Butalbital,-1.2100,True
Calcitriol,-1.2200,True
Divalproex_sodium,-1.2200,True
Latanoprost,-1.2200,True
Acetophenazine,-1.2200,True
Alphaprodine,-1.2200,True
Biperiden,-1.2200,False
SR141716A,-1.2200,False
Sitagliptin,-1.2200,True
Aspoxicillin,-1.2200,True
Nedocromil_sodium,-1.2200,True
Desvenlafaxine,-1.2200,True
Sulfonamides,-1.2300,True
Trilaciclib,-1.2300,True
Cloxacillin,-1.2300,True
Glipizide,-1.2300,True
Amitriptyline,-1.2300,False
Dichlorphenamide,-1.2300,False
Repotrectinib,-1.2300,True
Glisolamide,-1.2400,True
Lemborexant,-1.2400,True
Tofogliflozin,-1.2400,True
Econazole,-1.2400,True
Iopamidol,-1.2400,True
Fedratinib,-1.2400,True
Cefsulodin,-1.2500,True
Paromomycin,-1.2500,True
Gilteritinib,-1.2500,True
Bicalutamide,-1.2500,True
Atropine,-1.2500,True
Etodolac,-1.2500,False
Icosapent,-1.2500,True
Cantharidin,-1.2600,False
Butenafine,-1.2600,False
Montelukast,-1.2600,True
Miconazole,-1.2600,False
Convallatoxin,-1.2600,True
Calcium_Gluceptate,-1.2600,True
Levothyroxine,-1.2600,True
Oliceridine,-1.2700,True
Metixene,-1.2700,False
Medrysone,-1.2700,True
ENASIDENIB_MESYLATE,-1.2700,False
Osimertinib,-1.2700,True
Eterobarb,-1.2700,True
Raltitrexed,-1.2700,True
Bacampicillin,-1.2700,True
Memantine,-1.2700,False
Solriamfetol,-1.2700,False
Adapalene,-1.2700,True
Iopanoic_acid,-1.2700,True
Thiamylal,-1.2700,True
Carbenicillin_Indanyl_Sodium,-1.2800,True
Telotristat_ethyl,-1.2800,True
Sarpogrelate,-1.2800,True
Lumefantrine,-1.2800,False
Fluphenazine,-1.2800,True
Primidone,-1.2800,True
Irinotecan,-1.2800,True
Orphenadrine,-1.2800,False
Dibucaine,-1.2800,True
Acocantherin,-1.2900,True
Chlophedianol,-1.2900,False
Fospropofol_disodium,-1.2900,True
Nefopam,-1.2900,True
Cefixime,-1.2900,True
Streptozocin,-1.2900,True
Arteether,-1.2900,False
Tamsulosin,-1.2900,True
Peramivir,-1.3000,True
Siponimod,-1.3000,True
Xatral,-1.3000,True
Alpidem,-1.3000,False
Pegaptanib,-1.3000,True
Atomoxetine,-1.3100,False
Cyclobenzaprine,-1.3100,False
Phenylbutazone,-1.3100,False
Phenyltoloxamine,-1.3100,False
Gusperimus_trihydrochloride,-1.3100,True
Trimazosin,-1.3100,True
Ivabradine,-1.3100,True
Levobupivacaine,-1.3100,False
Mequitazine,-1.3100,False
DEXMETHYLPHENIDATE_HYDROCHLORIDE,-1.3100,False
Raloxifene,-1.3100,True
Morrhuate_sodium,-1.3100,True
Nadolol,-1.3100,True
Trimethobenzamide,-1.3200,True
Glimepiride,-1.3200,True
Nicardipine,-1.3200,True
Treximet,-1.3200,True
Sertraline,-1.3200,False
Nisoldipine,-1.3200,True
Lofepramine,-1.3200,True
Cephapirin,-1.3300,True
Saprisartan,-1.3300,True
Fotemustine,-1.3300,True
Miglustat,-1.3300,True
Venlafaxine,-1.3300,True
Fusidic_Acid,-1.3300,True
Fosfestrol,-1.3400,True
Acetohexamide,-1.3400,False
Naltrexone,-1.3400,True
Thiothixene,-1.3400,True
Lorcainide,-1.3400,False
Methylscopolamine,-1.3400,True
Ridogrel,-1.3400,True
Incruse_Ellipta,-1.3500,True
NKM,-1.3500,True
Methscopolamine_Bromide,-1.3500,True
Methylprednisolone,-1.3500,True
Mitiglinide,-1.3500,True
Pirarubicin,-1.3500,True
Aprindine,-1.3500,False
Piritramide,-1.3600,True
Diosmin,-1.3600,True
Betaxolol,-1.3600,True
Clemastine,-1.3600,True
Clidinium,-1.3600,True
Indacaterol,-1.3600,True
Netilmicin,-1.3600,True
Apixaban,-1.3700,True
Bifonazole,-1.3700,True
Selegiline,-1.3700,False
Chlorhexidine,-1.3700,True
Mebeverine,-1.3700,True
Lincomycin,-1.3700,True
Methdilazine,-1.3700,False
Trimebutine,-1.3700,True
Cimetropium_bromide,-1.3800,True
Fexofenadine,-1.3800,True
Rosaprostol,-1.3800,True
Mometasone,-1.3800,True
Ponatinib,-1.3800,True
Eprosartan,-1.3800,True
Anisotropine_Methylbromide,-1.3800,False
Mesoridazine,-1.3800,False
ABIRATERONE,-1.3800,True
Avacopan,-1.3900,False
Ethanolamine_oleate,-1.3900,True
Nateglinide,-1.3900,True
Mazindol,-1.3900,True
Ornoprostil,-1.3900,True
Enprostil,-1.3900,True
Dinoprostone,-1.3900,True
Prednisolone,-1.3900,True
Omaveloxolone,-1.3900,True
Rocuronium,-1.4000,True
Sodium_polystyrene_sulfonate,-1.4000,False
Cabergoline,-1.4000,True
Mefloquine,-1.4000,False
Mepyramine,-1.4000,True
ARZOXIFENE,-1.4000,True
Anastrozole,-1.4000,True
Carteolol,-1.4000,False
Docusate,-1.4000,True
Hydrocortisone,-1.4100,True
Bupivacaine,-1.4100,False
Ampiroxicam,-1.4100,True
Idarubicin,-1.4200,True
Methotrexate,-1.4200,True
Flunisolide,-1.4200,True
Melitracen,-1.4200,False
Avanafil,-1.4200,True
Iofetamine_Hydrochloride_I_123,-1.4200,False
Cabozantinib,-1.4200,True
Cefcapene_pivoxil,-1.4200,True
Pirmenol,-1.4200,False
Dapagliflozin,-1.4200,False
KU_0058948,-1.4200,True
Benzylpenicilloyl_Polylysine,-1.4200,True
Promethazine,-1.4200,False
Cilostazol,-1.4200,True
Temoporfin,-1.4300,False
Perhexiline,-1.4300,False
Mupirocin,-1.4300,True
Cefotiam,-1.4300,True
Moxisylyte,-1.4300,False
Febarbamate,-1.4300,True
N_0923,-1.4300,False
Aztreonam,-1.4300,True
Vilazodone,-1.4300,True
Finerenone,-1.4400,True
Codeine,-1.4400,True
Efinaconazole,-1.4400,True
Levomepromazine,-1.4400,False
Fingolimod,-1.4400,True
Dexamethasone,-1.4400,True
Zanamivir,-1.4400,True
Iodipamide,-1.4400,True
Unoprostone,-1.4400,True
Propafenone,-1.4400,False
Loratadine,-1.4400,False
Nimodipine,-1.4500,True
Esmolol,-1.4500,True
Doxylamine,-1.4500,False
Arbekacin,-1.4500,True
Ethopropazine,-1.4500,False
Glatiramer_Acetate,-1.4500,True
Thiotepa,-1.4500,False
Amcinonide,-1.4600,True
Capivasertib,-1.4600,True
Finasteride,-1.4600,True
Bendamustine_hydrochloride,-1.4600,True
Argatroban,-1.4600,True
Thioridazine,-1.4700,False
Voriconazole,-1.4700,True
Ibandronate,-1.4700,True
Ropivacaine,-1.4700,False
Epoprostenol,-1.4700,True
Enzalutamide,-1.4700,True
Diphemanil_Methylsulfate,-1.4700,False
Maprotiline,-1.4800,False
Halopredone_acetate,-1.4800,True
Mexiletine,-1.4800,False
Lorlatinib,-1.4800,True
MCB_3837,-1.4800,True
Valacyclovir_Hydrochloride,-1.4800,True
ARN_509,-1.4800,True
Unoprostone_isopropyl_ester,-1.4800,True
Pirtobrutinib,-1.4800,True
Cefonicid,-1.4800,True
Neoandrographolide,-1.4900,True
Bexarotene,-1.4900,True
Felodipine,-1.4900,True
Clofibrate,-1.4900,False
Ipratropium,-1.4900,True
Bupropion,-1.4900,False
Escitalopram,-1.4900,False
Carbetapentane,-1.4900,True
Conivaptan,-1.4900,True
Trofosfamide,-1.4900,True
Phytonadione,-1.5000,True
Plerixafor,-1.5000,True
Trimeprazine,-1.5000,False
Dasotraline,-1.5000,False
Picrotoxin,-1.5000,True
Aprepitant,-1.5000,True
Latamoxef,-1.5000,True
Tibolone,-1.5000,True
Mepivacaine,-1.5000,False
Podofilox,-1.5100,True
Travoprost,-1.5100,True
Valganciclovir,-1.5100,True
Mepenzolate,-1.5100,False
Leucovorin_5_fluorouracil,-1.5100,True
Halobetasol_Propionate,-1.5200,True
Lapatinib,-1.5200,True
Halcinonide,-1.5200,True
Spironolactone,-1.5200,True
Dipyridamole,-1.5200,True
Ibuprofen,-1.5200,False
Clomipramine,-1.5300,False
Actarit,-1.5300,True
Pipotiazine,-1.5400,True
Polidocanol_BioForm_Medical_Chemische_Fabrik_Kreussler_Co,-1.5400,True
Ioxaglate,-1.5400,True
Decamethonium,-1.5400,False
Iobitridol,-1.5400,True
Fostemsavir,-1.5400,True
Benzphetamine,-1.5400,False
Artemisinin,-1.5500,True
Dopexamine,-1.5500,True
Moxalactam_Disodium,-1.5500,True
Dofetilide,-1.5600,True
Pinazepam,-1.5600,False
MLN9708,-1.5600,True
Etidocaine,-1.5700,False
Belumosudil,-1.5700,True
Pachycarpine,-1.5700,False
Aceprometazine,-1.5700,True
Dicyclomine,-1.5700,False
Elvitegravir,-1.5800,True
Remimazolam,-1.5800,True
Trimetrexate,-1.5800,True
Alprostadil,-1.5800,True
Triheptanoin,-1.5800,True
Baloxavir_marboxil,-1.5800,True
Colesevelam,-1.5800,True
Ferrous_Citrate_Fe_59,-1.5800,True
Desoxycorticosterone_Acetate,-1.5800,True
GW642444,-1.5800,True
Bestatin,-1.5800,True
Andrographolide,-1.5800,True
Sitosterol,-1.5900,True
Telmisartan,-1.5900,True
Pemafibrate,-1.5900,True
Trolamine_salicylate,-1.6000,True
Candesartan,-1.6000,True
Vilanterol,-1.6000,True
Gamma_Homolinolenic_acid,-1.6000,True
Clomifene,-1.6000,False
Symbicort,-1.6100,True
Lactitol,-1.6100,True
Perindopril,-1.6100,False
Gadobutrol,-1.6100,True
Acenocoumarol,-1.6100,True
Epipodophyllotoxin,-1.6200,True
Nirogacestat,-1.6200,True
Acetylcysteine,-1.6200,False
Dimenhydrinate,-1.6200,True
Pivampicillin,-1.6200,True
Glycopyrrolate,-1.6200,False
Limaprost,-1.6200,True
Cefpiramide,-1.6300,True
Dexibuprofen,-1.6300,False
Iopentol,-1.6300,True
Clevidipine_butyrate,-1.6300,True
YM443,-1.6300,True
Cortisone_Acetate,-1.6400,True
Doxycycline,-1.6400,True
Bentiromide,-1.6400,True
Exjade,-1.6400,True
Thiopental,-1.6400,True
Labetalol,-1.6400,True
Remifentanil,-1.6500,True
Deserpidine,-1.6500,True
Isoxyl,-1.6500,True
Arformoterol,-1.6500,True
Ceftazidime,-1.6500,True
Valsartan,-1.6500,True
Vardenafil,-1.6500,True
Tiotropium,-1.6500,True
Ospemifene,-1.6600,False
obeticholic_acid,-1.6600,True
Pneumovax_23,-1.6600,False
Cefoperazone,-1.6600,True
Secobarbital,-1.6600,True
Budesonide,-1.6600,True
Estradiol_Cypionate,-1.6600,True
Zafirlukast,-1.6600,True
Pimozide,-1.6600,True
Aclidinium,-1.6700,True
Co_trimoxazole,-1.6700,True
Bimatoprost,-1.6700,True
Tetrahydrofolic_acid,-1.6700,True
Tiagabine,-1.6700,True
Miltefosine,-1.6700,True
Cholecalciferol,-1.6700,True
Abiraterone_acetate,-1.6800,True
Nefazodone,-1.6800,True
Ceftriaxone,-1.6800,True
Delapril,-1.6800,True
Celiprolol_hcl,-1.6800,True
Sodium_Tetradecyl_Sulfate,-1.6800,True
Vorapaxar,-1.6800,True
Omadacycline,-1.6800,True
Terconazole,-1.6900,True
Baclofen,-1.7000,False
Methotrexate_Sodium,-1.7000,True
Cefsoludin_sodium,-1.7000,True
Vonoprazan,-1.7000,True
Ivosidenib,-1.7000,True
Levocetirizine_dihydrochloride,-1.7000,True
Schizophyllan,-1.7000,True
Ceritinib,-1.7000,True
Dextran,-1.7000,True
PF_04971729,-1.7100,True
Folic_Acid,-1.7100,True
Cefazolin,-1.7200,True
Midostaurin,-1.7200,True
Ixabepilone,-1.7200,True
Selpercatinib,-1.7200,True
Mepyramine_maleate,-1.7200,True
Enalapril,-1.7200,False
Fluspirilene,-1.7300,True
Tolterodine,-1.7300,False
Clopidogrel,-1.7300,False
Desipramine,-1.7300,False
Bretylium,-1.7300,False
Alatrofloxacin_mesylate,-1.7300,True
Ropeginterferon_alfa_2b,-1.7300,True
Darifenacin,-1.7400,True
Solifenacin,-1.7400,False
Carzinophilin,-1.7400,True
Ertapenem,-1.7400,True
Dexamethasone_sodium_phosphate,-1.7500,True
Alfentanil,-1.7500,True
Methadone,-1.7500,True
Glibenclamide,-1.7500,True
Olanzapine_fluoxetine_combination,-1.7600,True
Pacritinib,-1.7600,True
Berotralstat,-1.7700,True
Glycerol_phenylbutyrate,-1.7700,True
Timolol,-1.7700,True
Quizartinib,-1.7700,True
Pralsetinib,-1.7700,True
Cefotetan,-1.7700,True
Acarbose,-1.7700,True
Eberconazole,-1.7700,False
Iloprost,-1.7700,True
Amikacin,-1.7800,True
Teniposide,-1.7800,True
Anagliptin,-1.7800,True
BOL_303259_X,-1.7900,True
Cefminox_sodium,-1.7900,True
lifitegrast,-1.7900,True
Rolapitant,-1.7900,False
Phendimetrazine,-1.7900,True
Rimexolone,-1.7900,True
Fosphenytoin,-1.8000,True
Oxycodone,-1.8000,True
Avapritinib,-1.8000,True
Rifamycin,-1.8100,True
Indecainide,-1.8100,False
Hesperidin,-1.8100,True
Cetirizine,-1.8100,True
Imipramine,-1.8100,False
Sulconazole,-1.8100,False
Edetate_disodium,-1.8200,True
Doxapram,-1.8200,True
Maraviroc,-1.8200,True
Nalbuphine,-1.8200,True
Methacycline,-1.8300,True
Progabide,-1.8300,True
LAS_34273,-1.8300,True
Technetium_Tc_99m_Mebrofenin_Kit,-1.8300,True
Lmw_heparin,-1.8400,True
Streptomycin,-1.8400,True
Misoprostol,-1.8400,True
Isepamicin,-1.8400,True
Melinamide,-1.8400,True
Levoleucovorin,-1.8500,True
Bepridil,-1.8500,False
Bromocriptine,-1.8500,True
Probucol,-1.8500,True
Buprenorphine,-1.8500,True
Lymecycline,-1.8500,True
Dextrothyroxine_Sodium,-1.8500,True
Zavegepant,-1.8600,True
LIDOFLAZINE,-1.8600,True
Desloratadine,-1.8600,True
Diphenoxylate,-1.8600,True
LOMERIZINE,-1.8600,True
Inosine_pranobex,-1.8600,True
Racecadotril,-1.8600,False
Azelastine,-1.8700,False
Dicloxacillin,-1.8700,True
Edetate_calcium_disodium,-1.8800,True
Daprodustat,-1.8800,True
Talazoparib,-1.8800,True
Loperamide,-1.8800,True
Calcipotriol,-1.8800,True
Halofantrine,-1.8900,False
BETRIXABAN,-1.8900,True
Bitolterol,-1.8900,True
Nalfurafine_hcl,-1.8900,True
Opipramol,-1.8900,False
Plazomicin,-1.8900,True
Azilsartan,-1.9000,True
Trimethaphan,-1.9000,False
Vecuronium,-1.9000,True
Nitrendipine,-1.9000,True
Ibrutinib,-1.9000,True
Desvenalfaxine_succinate,-1.9100,True
Gadoteridol,-1.9200,True
Olmesartan_medoxomil,-1.9200,True
Nevirapine,-1.9200,True
Tromethamine,-1.9200,False
Olaparib,-1.9200,True
Oxatomide,-1.9300,True
Triamcinolone,-1.9300,True
Ergotamine,-1.9300,True
Prednimustine,-1.9400,True
Polyestradiol_Phosphate,-1.9400,True
Flutropium_bromide,-1.9400,False
Quazepam,-1.9400,False
Dihydroergotamine,-1.9400,True
Alogliptin_metformin,-1.9400,True
Quinapril,-1.9400,True
Trospium_chloride,-1.9400,True
Guar_gum,-1.9500,True
Flumethasone_Pivalate,-1.9500,True
Ketamine,-1.9500,False
Pancuronium,-1.9500,True
Formoterol_budesonide,-1.9500,True
Saroglitazar,-1.9500,True
Emetine,-1.9600,True
Piperaquine,-1.9600,True
Nifedipine,-1.9600,True
Retapamulin,-1.9600,True
Gamolenic_acid,-1.9600,True
Pegvaliase,-1.9600,True
Tacalcitol,-1.9600,True
Trospium,-1.9700,True
Clobetasol,-1.9700,True
Vibegron,-1.9800,True
Ezetimibe,-1.9800,True
Citric_acid_magnesium_oxide_sodium_picosulfate,-1.9800,True
Pranlukast,-1.9800,True
Chlorphentermine_Hydrochloride,-1.9800,False
Sibutramine,-1.9800,False
Sennoside_b,-1.9800,True
Altropane,-1.9900,False
Cefoxitin,-1.9900,True
Toremifene,-1.9900,False
Tamoxifen,-1.9900,True
Idelalisib,-2.0000,True
Sennoside_a,-2.0000,True
Ambenonium,-2.0000,True
Technetium_Tc_99m_Pentetate_Kit,-2.0000,True
Brovincamine_fumarate,-2.0000,True
Eptifibatide,-2.0000,True
Erdafitinib,-2.0100,True
Umbralisib,-2.0100,True
Eslicarbazepine,-2.0200,True
Docarpamine,-2.0200,True
Sodium_lauryl_sulfate,-2.0200,True
Fosinopril,-2.0300,True
Lusutrombopag,-2.0300,True
Docosanol,-2.0300,True
Metrizamide,-2.0300,True
Rescinnamine,-2.0300,True
Dutasteride,-2.0300,True
Omacetaxine_mepesuccinate,-2.0400,True
Hidrosmin,-2.0400,True
Nalmefene,-2.0400,True
Pentaerythritol_tetranitrate,-2.0500,True
Methylnaltrexone_bromide,-2.0500,True
Dermatan_sulfate,-2.0500,True
Posaconazole,-2.0500,True
Lurasidone_hydrochloride,-2.0600,True
Isosulfan_blue,-2.0600,True
Vitamin_E,-2.0600,True
Cefbuperazone_sodium,-2.0600,True
Lenampicillin_hci,-2.0700,True
Framycetin,-2.0700,True
Naloxone,-2.0800,True
Egualen_sodium,-2.0900,False
Butorphanol,-2.0900,True
Delamanid,-2.0900,True
Phenoxybenzamine,-2.0900,False
Fosamprenavir,-2.0900,True
Valbenazine_Tosylate,-2.1000,True
Phenylephrine,-2.1000,False
Selexipag,-2.1000,True
Careram,-2.1000,True
Estradiol_valerate_dienogest,-2.1000,True
TOCOTRIENOL,-2.1000,True
Trandolapril,-2.1100,True
Delafloxacin_Meglumine,-2.1100,True
Tianeptine,-2.1100,True
Ceforanide,-2.1200,True
Digoxin,-2.1200,True
Testosterone_undecanoate,-2.1200,True
Ulipristal,-2.1200,True
Cilazapril,-2.1200,True
Clomiphene_Citrate,-2.1200,True
Beta_carotene,-2.1200,True
Dexchlorpheniramine_Maleate,-2.1300,True
Hydroxyethyl_starch,-2.1300,True
Levocabastine,-2.1300,True
Pazopanib_HCl,-2.1400,True
Tramadol,-2.1400,False
Vinpocetine,-2.1400,False
Tilidine,-2.1500,True
Hydrastine,-2.1500,True
Herbimycin_A,-2.1500,True
Valrubicin,-2.1600,True
GS_7340,-2.1600,True
Dextropropoxyphene,-2.1700,True
GW685698X,-2.1700,True
Amiodarone,-2.1700,True
Amlodipine,-2.1700,True
Apalcillin_sodium,-2.1700,True
Betamethasone_butyrate_propion,-2.1800,True
Pexidartinib,-2.1900,True
Tipranavir,-2.1900,True
Difluprednate,-2.1900,True
DU_176b,-2.2000,True
Warfarin,-2.2000,True
Ibopamine_hci,-2.2000,False
Pentazocine,-2.2100,True
Salmeterol,-2.2100,True
Atazanavir,-2.2100,True
Gliquidone,-2.2100,True
Lovastatin,-2.2200,True
Elacestrant,-2.2200,False
S_Dimethindene_maleate,-2.2200,True
BOCEPREVIR,-2.2200,True
153Sm_EDTMP,-2.2200,True
Irbesartan,-2.2200,False
Prifinium,-2.2300,True
Reserpine,-2.2300,True
Enocitabine,-2.2300,True
Dinoprost_Tromethamine,-2.2400,True
Cefiderocol,-2.2400,True
Buprenorphine_naloxone,-2.2400,True
Interferon_Alfa_2b,-2.2400,True
Indinavir,-2.2500,True
Remdesivir,-2.2500,True
PSI_7977,-2.2600,True
Isradipine,-2.2600,True
Ciprofloxacin_dexamethasone,-2.2600,True
Guanfacine_extended_release,-2.2700,True
Forasartan,-2.2700,True
Mifepristone,-2.2700,True
Calcium_levofolinate,-2.2800,True
Leucovorin_Calcium,-2.2900,True
Rosuvastatin,-2.2900,True
Iodofiltic_acid_I_123,-2.3000,True
Sultamicillin_tosilate,-2.3000,True
Trimipramine,-2.3100,False
Tezacaftor_and_ivacaftor,-2.3100,True
Pralatrexate,-2.3100,True
Thiethylperazine,-2.3100,True
Gentian_violet,-2.3100,True
Pipecuronium,-2.3100,True
Trifarotene,-2.3200,True
Oxymorphone,-2.3200,True
Protokylol_Hydrochloride,-2.3300,True
Dextromethorphan,-2.3400,True
Sparsentan,-2.3400,True
Verapamil,-2.3400,True
Bortezomib,-2.3500,True
Cangrelor,-2.3500,True
Viomycin_sulfate,-2.3500,True
Lefamulin,-2.3500,True
Relugolix,-2.3600,True
ALCURONIUM,-2.3600,True
Carboprost_Tromethamine,-2.3600,True
Adagrasib,-2.3700,True
Taxol,-2.3900,True
Rifamycin_b,-2.3900,True
Nilotinib,-2.4100,True
Dalfopristin,-2.4100,True
Colforsin_daropate_hci,-2.4100,True
VIT_45,-2.4200,True
NERATINIB_MALEATE,-2.4200,True
BMS_201038,-2.4200,False
MK_08887A,-2.4200,True
Lonafarnib,-2.4300,True
Bepotastine,-2.4300,True
Bopindolol,-2.4300,True
Betamethasone_Valerate,-2.4400,True
Tirofiban,-2.4500,True
Fluvastatin,-2.4500,True
Cefodizime_sodium,-2.4500,True
Pegfilgrastim,-2.4600,True
Disopyramide,-2.4700,True
GMDP,-2.4700,True
Prinomastat,-2.4800,True
Gallamine_Triethiodide,-2.4800,True
Penicillin_G_Benzathine,-2.4800,True
Udenafil,-2.4800,True
Cynarin,-2.4800,True
Simvastatin,-2.4900,True
Edoxaban_tosylate,-2.4900,True
Levopropoxyphene_Napsylate_Anhydrous,-2.4900,True
THIOCOLCHICOSIDE,-2.5000,True
Pravastatin,-2.5100,True
Gadopentetate_dimeglumine,-2.5200,True
Astromycin_sulfate,-2.5200,True
Mobocertinib,-2.5200,True
Atogepant,-2.5300,True
Bedaquiline,-2.5300,True
SILODOSIN,-2.5300,True
Loteprednol_Etabonate,-2.5300,True
Digitalin,-2.5400,True
AS_1670542,-2.5500,True
Levormeloxifene,-2.5700,True
LEURUBICIN,-2.5800,True
Natamycin,-2.5800,True
Flutrimazole,-2.5800,True
Gadoversetamide,-2.6000,True
Alpha_acetyldigoxin,-2.6000,True
Cyclofenil,-2.6000,True
IPI_145,-2.6100,True
Etoposide,-2.6100,True
Imidapril,-2.6100,True
Meropenem_vaborbactam,-2.6100,True
Bisacodyl,-2.6200,False
Pentetate_zinc_trisodium,-2.6200,True
Iptacopan,-2.6300,True
YN_968D1,-2.6300,True
Dixyrazine,-2.6300,True
Lanatoside_b,-2.6400,True
Docetaxel,-2.6400,True
Rifampin,-2.6400,True
Clotrimazole,-2.6400,True
Apremilast,-2.6400,True
Fulvestrant,-2.6500,True
Solamargine,-2.6600,True
Acetyldigitoxin,-2.6700,True
Bosentan,-2.6800,True
Gadoxetate_disodium,-2.6800,True
Asasantin,-2.6900,False
Lopinavir,-2.7000,True
Chlormezanone,-2.7000,False
Tiropramide,-2.7000,True
Amphotericin_B,-2.7000,True
Omidenepag_isopropyl,-2.7000,True
Amprenavir,-2.7100,True
Capreomycin,-2.7100,True
Gitalin,-2.7300,True
Flomoxef_sodium,-2.7400,True
Adefovir_Dipivoxil,-2.7400,True
Ambrisentan,-2.7500,True
Estradiol_Valerate,-2.7500,True
Oxybutynin_hydrochloride,-2.7500,True
Brigatinib,-2.7600,True
Aclarubicin,-2.7600,True
Lasofoxifene,-2.7600,True
Darunavir,-2.7600,True
Metaraminol,-2.7600,False
Lentinan,-2.7600,True
Vindesine,-2.7700,True
Dihydroergocristine,-2.7700,True
Repaglinide,-2.7800,False
Daclatasvir,-2.7800,True
Alogliptin_pioglitazone,-2.7800,True
Thymopentin,-2.7800,True
Halaven,-2.7800,True
Colistin,-2.8000,True
Rv_11,-2.8000,True
Revefenacin,-2.8200,True
Rifapentine,-2.8300,True
Nystatin,-2.8300,True
Hyaluronate_sodium,-2.8400,True
Hexafluronium_bromide,-2.8400,True
Urofollitropin,-2.8400,True
Vinorelbine,-2.8500,True
Bexagliflozin,-2.8500,True
Bumetanide,-2.8600,True
MK_8228,-2.8600,False
Oxyphencyclimine,-2.8700,True
Spinosad,-2.8700,True
Romidepsin,-2.8700,True
Clofazimine,-2.8700,True
Pentamycin,-2.8800,False
Dihydroergotoxine,-2.8800,True
Itraconazole,-2.8900,True
Mepartricin,-2.9000,True
Carbetocin,-2.9000,True
GHRP_2,-2.9100,True
Lanreotide_acetate,-2.9100,True
Tenofovir_disoproxil_fumarate,-2.9200,True
Digitoxin,-2.9200,True
Cefpirome_sulfate,-2.9200,True
Mizolastine,-2.9200,True
Isopropamide_iodide,-2.9500,True
Nonoxynol_9,-2.9500,True
Anidulafungin,-2.9600,True
Maralixibat,-2.9700,True
Micafungin,-2.9700,True
Selegiline_Hydrochloride,-2.9800,False
Ubrogepant,-2.9800,True
Metocurine_Iodide,-2.9800,True
Eicosapentaenoic_acid_docosa_hexaenoic_acid,-2.9800,True
Pegunigalsidase_alfa,-2.9900,True
Dronedarone,-3.0000,True
Telithromycin,-3.0000,True
Gonadorelin,-3.0100,True
Azaribine,-3.0100,True
Vinblastine,-3.0100,True
Technetium_Tc_99m_Apcitide,-3.0100,False
Naldemedine_Tosylate,-3.0100,True
Oxidized_glutathione,-3.0200,True
Triptorelin,-3.0200,True
Vinflunine,-3.0200,False
Telaprevir,-3.0200,False
Zinforo,-3.0300,True
Aliskiren,-3.0300,True
Mirvetuximab_soravtansine,-3.0300,True
LCZ696,-3.0400,True
Palovarotene,-3.0400,True
PITAVASTATIN_CALCIUM,-3.0400,True
Deslanoside,-3.0500,True
Iodoxamate_Meglumine,-3.0600,True
Zinc_hyaluronate,-3.0600,True
Saquinavir,-3.0700,False
Haem_arginate,-3.0800,True
Fentanyl_droperidol,-3.0800,True
Oxytocin,-3.0800,True
Reboxetine,-3.0900,True
Nartograstim,-3.0900,True
Elagolix_sodium,-3.0900,True
SARALASIN,-3.1000,True
Rimegepant,-3.1000,True
Demecarium_bromide,-3.1100,True
Bictegravir_emtricitabine_and_tenofovir_alafenamide,-3.1100,True
Remikiren,-3.1200,True
Macrolides,-3.1200,True
Artemether,-3.1300,False
Caspofungin,-3.1300,False
Pentetate_calcium_trisodium,-3.1300,True
Levomethadyl_Acetate,-3.1300,True
Plicamycin,-3.1300,True
Pentosan_Polysulfate,-3.1300,True
Tubocurarine,-3.1300,True
Bremelanotide,-3.1400,True
MD_1100,-3.1400,False
Moxidectin,-3.1400,True
Difelikefalin,-3.1500,True
Temocapril_hydrochloride,-3.1500,True
Proglumetacin,-3.1600,True
Rapacuronium_bromide,-3.1700,True
Pimecrolimus,-3.1700,True
Candicidin,-3.1800,True
Otilonium_bromide,-3.1800,True
Linaclotide,-3.2000,False
Meglumine_gadoterate,-3.2000,True
Bacitracin,-3.2100,False
Sotorasib,-3.2400,True
Lypressin,-3.2400,True
Simeprevir,-3.2600,True
Talaporfin,-3.2600,True
Verteporfin,-3.2600,True
Octreotide,-3.2600,True
Vincristine,-3.2600,True
Lercanidipine,-3.2700,True
Ritonavir,-3.2800,True
Naloxegol,-3.2900,True
Deferoxamine_Mesylate,-3.2900,True
Sucralfate,-3.2900,True
EVANS_BLUE,-3.2900,True
Cyanocobalamin,-3.3000,True
Pristinamycin,-3.3000,True
Bleomycin,-3.3100,True
Cyanocobalamin_Co_60,-3.3200,True
Stevioside,-3.3300,True
Asiaticoside,-3.3300,True
Rifaximin,-3.3400,True
Zithromax,-3.3500,True
Methadyl_Acetate,-3.3500,True
Ibrexafungerp,-3.3600,True
Rosaramicin,-3.3600,True
Goserelin,-3.3700,True
ANGIOTENSIN_II,-3.3700,True
Buserelin_acetate,-3.3700,True
Fondaparinux_sodium,-3.3700,False
Rokitamycin,-3.3800,False
Teicoplanin,-3.3800,True
Auranofin,-3.3800,True
Troleandomycin,-3.3800,True
Dabrafenib,-3.4000,True
Vancomycin,-3.4000,False
Empagliflozin_linagliptin,-3.4100,True
Iodixanol,-3.4100,True
Spiramycin,-3.4100,True
Lenacapavir,-3.4200,True
Midecamycin,-3.4200,True
Virginiamycin,-3.4300,True
Sirolimus,-3.4300,True
Lanatoside_a,-3.4300,True
Desmopressin,-3.4400,True
Mecobalamin,-3.4500,True
Odevixibat,-3.4500,True
Tacrolimus,-3.4600,True
Polidocanol,-3.4600,True
Atorvastatin,-3.4700,True
Pentagastrin,-3.4700,True
Fidaxomicin,-3.4800,False
Lutetium_Lu_177_dotatate,-3.4900,True
Ardeparin,-3.4900,False
Zotarolimus,-3.5000,True
Lanatoside_c,-3.5000,False
Dalbavancin,-3.5000,False
Icatibant,-3.5000,True
Oritavancin,-3.5000,False
Eribulin,-3.5000,True
Deslorelin,-3.5100,True
Erythromycin,-3.5100,True
Trabectedin,-3.5300,True
Mangafodipir_Trisodium,-3.5300,True
Sofosbuvir_velpatasvir_voxilaprevir,-3.5300,False
Ceruletide,-3.5400,True
Heparin_Sodium,-3.5400,True
Cobicistat,-3.5600,False
Chromomycin_a3,-3.5600,False
Mivacurium,-3.5700,True
Benazepril,-3.5700,True
Vasopressin,-3.5800,True
Josamycin,-3.5800,True
Indocyanine_green,-3.5800,False
Beta_acetyldigoxin,-3.5900,True
Saralasin_Acetate,-3.5900,True
Acemannan,-3.6000,False
Iotrolan,-3.6100,False
Polymyxin_B_Sulfate,-3.6200,False
Cabazitaxel,-3.6400,False
Relvar_Breo,-3.6400,True
Rezafungin,-3.6400,True
Somatrem,-3.6500,True
Samarium_Sm_153_Lexidronam_Pentasodium,-3.6500,False
Aescin,-3.6500,False
Plecanatide,-3.6600,True
Nafarelin,-3.6600,True
Lurbinectedin,-3.6700,True
Dactinomycin,-3.6700,False
Ciclesonide,-3.6800,True
Propoxyphene_Hydrochloride,-3.6800,False
Colistimethate,-3.6900,False
Cromolyn_sodium,-3.6900,True
Prolixin_decanoate,-3.6900,True
GDC_0199,-3.6900,True
Terlipressin,-3.7000,True
Ivermectin,-3.7000,False
Gadobenate_Dimeglumine,-3.7100,True
Hydroxocobalamin,-3.7200,True
Ridostin,-3.7200,False
Insulin_aspart,-3.7300,False
Leuprorelin_acetate,-3.7300,True
TRYPAN_BLUE,-3.7400,False
Motixafortide,-3.7400,False
Propiverine,-3.7600,True
Leuprolide,-3.7700,True
Eliglustat_tartrate,-3.7800,True
Tenapanor,-3.7800,True
Clarithromycin,-3.8000,True
OctreoScan,-3.8100,False
Cerivastatin,-3.8100,False
Atracurium,-3.8300,True
Vapreotide_acetate,-3.8300,True
Felypressin,-3.8400,True
Alloferon,-3.8600,True
Dirithromycin,-3.8600,True
Motexafin_gadolinium,-3.8800,True
Benzonatate,-3.8800,True
PSMA_11_Ga_68,-3.8800,True
Setmelanotide,-3.8800,True
Cobicistat_darunavir,-3.8900,True
Flurithromycin_ethylsuccinate,-3.8900,False
Carfilzomib,-3.9200,True
Pasireotide,-3.9300,True
Miokamycin,-3.9400,True
MK_8616,-3.9800,False
Ciclosporin,-3.9900,True
Fesoterodine_fumarate,-3.9900,True
Somapacitan,-4.0100,False
Voclosporin,-4.0200,True
Biolimus_a9,-4.0200,True
Temsirolimus,-4.0400,True
Novolimus,-4.0500,True
Gonadoreline_6_d_trp_acetate,-4.0900,True
Brilliant_Blue_G_Ophthalmic_Solution,-4.0900,True
99mTc_tetrofosmin,-4.1000,True
Erythromycin_sulfisoxazole,-4.1100,True
Dosmalfate,-4.1700,False
Romurtide,-4.1800,True
Aprotinin,-4.1900,False
Quinupristin,-4.2000,True
Copper_dotatate_Cu_64,-4.2300,True
Technetium_Tc_99m_Depreotide,-4.2300,True
Gadofosveset,-4.2400,True
Cisatracurium,-4.3200,True
Doxacurium,-4.3600,True
Netarsudil,-4.3900,True
Ziconotide,-4.4000,False
Everolimus,-4.4400,True
Charybdotoxin,-4.4700,False
Insulin_porcine,-4.5600,False
Insulin_degludec,-4.6100,False
Ecallantide,-4.6300,False
Human_neutral_insulin,-4.6600,False
Insulin_recombinant,-4.7200,False
Insulin_detemir,-4.7600,False
Insulin_glargine,-4.8700,False
Insulin_glulisine,-4.9000,False
99mTc_sestamibi,-4.9700,False
